laplacian_var,mean_intensity,contrast_std,snr,illum_uniformity,fov_fraction,dataset,label,r_mean,g_mean,b_mean
6.798775105719903,85.24707701197282,18.67845580277581,4.050053596496582,0.5992823477945564,0.7149907287158563,APTOS-train,2,96.02211440127675,54.10236762764824,6.218178617304746
10.864879845650234,85.28533272739709,19.38265542109036,3.4555535316467285,0.9015017353174842,0.833135519348735,APTOS-train,2,119.79356421857356,58.93906574259163,8.191604977950377
6.387502459149932,109.67476767990964,13.933346439631912,6.229256629943848,0.857340839901279,0.7459925035403506,APTOS-train,2,135.42946884840777,67.22667022448618,19.898159454366745
11.228238780286961,33.31667140010836,12.267262234441583,2.898980140686035,0.4360571300006679,0.9033126885618072,APTOS-train,2,38.4926617783342,28.59177404789608,19.999349160816088
10.05882419738798,77.4926972901556,19.95213916217064,3.242828607559204,0.811233808429132,0.833544181264687,APTOS-train,2,115.9628339392529,50.114249139759515,7.019975079729606
6.568986202509209,114.80711910550026,15.625812677889035,5.564495086669922,0.8480947937390153,0.746248567555481,APTOS-train,2,141.86359852772654,69.55095091606574,25.392780654312705
5.5316077798282794,113.27356290672977,18.697784941694856,4.876402378082275,0.7702056359783354,0.7505646801106826,APTOS-train,2,122.80858479722176,78.24182094559971,25.19396856424805
7.761523023455147,80.22356688992063,9.93531267921029,7.535610675811768,0.778310602507135,0.7458627974360408,APTOS-train,2,100.2334557025267,47.817142634207244,18.84988723866622
12.450275751148977,46.810178100165956,13.005918285776461,3.5398664474487305,0.11254243073311732,0.9042117859911306,APTOS-train,2,57.8155901047184,38.70404183368513,25.105805177664493
15.369632952802103,77.08025332502177,24.401868788189137,3.221508502960205,0.29651593766213846,0.9047773727410079,APTOS-train,2,97.09124102283975,62.34918212919533,40.65177775006197
7.862732309029302,67.3866718042537,7.894759979940315,8.459132194519043,0.8214892359847199,0.753877559492636,APTOS-train,2,89.13699752193851,39.293512971502295,11.836379968212201
7.695138188948311,114.07348250760337,13.788636050775093,6.570160865783691,0.8445156849704831,0.8337287228766747,APTOS-train,2,159.0985254314554,80.92680636196478,3.144387598422193
12.40863298370586,48.16844683142599,10.305302371418266,5.289487361907959,0.6962834819822992,0.9046110120884794,APTOS-train,2,69.04362438093314,36.52108320321812,17.82882811056925
11.59728193934076,94.55022631114127,23.749263174748595,3.1786723136901855,0.763849338455458,0.8333958803827021,APTOS-train,2,129.9090460200049,63.05836402668844,28.38708056123539
15.735480692944805,89.57480443859694,12.0407887791174,5.010959625244141,0.6989673924779198,0.7510305487683596,APTOS-train,2,106.59855346809998,57.70265280770936,16.38625722843968
13.770693520001462,85.36523189932093,12.418450912707437,5.574068069458008,0.8289030546988083,0.7553508473400984,APTOS-train,2,117.5450287997095,48.97622370253043,7.679036407248786
14.689229389516619,116.42216666219824,13.523734897996874,7.2224555015563965,0.7115794287978638,0.7529380220032883,APTOS-train,2,117.242546313108,79.48541458716919,55.63005694249547
48.84982822242833,95.19515076307644,17.363144743457855,4.218153476715088,0.6957099264123721,0.7908671201814059,APTOS-train,2,134.66881814058956,59.56319818594104,4.0245632653061225
58.929458391900276,97.50347352911476,13.83355622313457,5.804299831390381,0.7440596058311119,0.7904290249433107,APTOS-train,2,133.75590476190476,63.16003174603175,1.6984743764172336
7.9425900239861935,94.00212499712232,12.695673801635547,6.202810287475586,0.854140547327579,0.7461600587884547,APTOS-train,2,114.2877217668679,57.06750671385581,24.996919079695157
12.599958323983422,77.3157412644581,11.994653254587261,5.828003883361816,0.8322532562942984,0.8329512161626026,APTOS-train,2,112.74566613322855,51.6127947420423,5.994337862788782
39.97433679455504,80.32935585459734,11.955276823972223,5.999272346496582,0.6281384908813443,0.7353570478723405,APTOS-train,2,90.0316795212766,52.93949468085106,11.240222074468084
15.996738096697005,112.43550809293762,19.66897036732768,4.9379777908325195,0.8787053468515709,0.7464011287196974,APTOS-train,2,117.71727402896566,73.7791303023739,50.968834432705385
12.186769163822557,61.22387643537328,16.947464687368207,3.2446913719177246,0.4940044352992682,0.8328615680410169,APTOS-train,2,90.9800547235023,39.60929631946776,7.263921447264016
8.047933919565066,111.15604190759915,10.767271567661345,8.900257110595703,0.8596411043704395,0.8339409218878749,APTOS-train,2,148.94671921254616,81.1066457392346,7.530417655339213
12.716328801727531,73.1739486993486,14.657087094992535,4.238739013671875,0.7897577697240546,0.8335317831202124,APTOS-train,2,105.41467430074465,48.744765121921446,10.135894392605366
15.377091960867405,75.64480858141037,9.003688554647812,7.634240627288818,0.8601667777951267,0.7551422513133909,APTOS-train,2,104.97069163097686,42.34837235793573,10.145627170356692
11.502051601091194,115.53278008797271,12.865714133048614,7.24026346206665,0.8711980640846908,0.8335026951658681,APTOS-train,2,138.23194281785027,86.57491721854305,38.89888144894253
8.186751074501208,125.39797025689921,21.50804305402176,4.819513320922852,0.7354089859522962,0.715361403148698,APTOS-train,2,133.85702936732332,79.42209024993542,28.821708251796753
48.33716586863687,98.84606706663442,18.1973718623523,4.8914408683776855,0.7459210679665562,0.7911446712018141,APTOS-train,2,125.10644263038549,68.69494149659864,6.0454866213151925
47.47082629106706,83.05424550805606,15.708827561546416,4.79921293258667,0.7535279176032234,0.989365234375,APTOS-train,2,133.4118359375,68.668466796875,17.24685221354167
5.23656289743069,91.80484987979095,10.457242716835868,7.522204875946045,0.9055197736755248,0.7454335008012373,APTOS-train,2,122.17225480160062,52.593229137551944,12.598002496878902
16.37420773616867,70.35942216808137,17.569558399936295,3.5642693042755127,0.7155045119899222,0.7548859827119627,APTOS-train,2,83.4454470638256,46.10759688709492,11.99581690264211
13.639219402267768,84.06287838160573,10.582903527263003,6.622035980224609,0.8299885569105343,0.833609509949034,APTOS-train,2,114.56907316240425,58.113110417874694,17.558825857570117
11.554663978776274,85.98023210554935,23.36399938102277,3.227149724960327,0.6848560144873247,0.833083780938139,APTOS-train,2,114.07680674344616,59.36367357974486,25.964219908749655
52.211177475015525,93.82597309452449,20.3644228300818,4.172939300537109,0.7205342385677527,0.9894303385416666,APTOS-train,2,131.43482096354165,85.60783854166667,28.8199609375
5.159840612545257,113.47137367049608,17.00817468334301,5.172896862030029,0.6921882170644982,0.7461516155179161,APTOS-train,2,134.45005499771742,73.75802780339873,13.93956816456109
13.096259293146055,92.69842142886986,13.586548514336352,5.995760440826416,0.9032152888678214,0.8331615077669606,APTOS-train,2,125.95833174382763,65.30325408375805,13.30675202948088
13.030665241001595,52.36049049748859,16.45374186020533,3.211104393005371,0.5828509053043762,0.9052665875187279,APTOS-train,2,57.45683582433578,46.00982573770983,33.176944979026324
58.69784983853825,96.7573759804608,16.33410514993216,4.852412223815918,0.6819139373127217,0.790271201814059,APTOS-train,2,129.49722811791383,63.049733333333336,9.095913832199546
8.167933136142965,80.43698161050796,12.73092631152304,4.577020168304443,0.8007379717223989,0.8330873573259682,APTOS-train,1,137.46969988860744,43.932300647373886,3.857820224997711
9.748761825897983,94.69789684692519,22.052102804766218,3.910280466079712,0.6884490249295177,0.5474316781483755,APTOS-train,1,77.01703321453743,47.01553032563718,18.436416840029104
13.711355606531317,72.2655816207949,17.952154069815943,2.8971288204193115,0.5233593788818356,0.8327778805658131,APTOS-train,1,108.59816326258125,44.87950624866482,14.644686107593005
9.990376964463662,87.90007795298439,14.296973776108846,4.5572919845581055,0.722660561686743,0.8331586466566973,APTOS-train,1,134.76141797578356,55.83795196005127,4.2525242145298625
11.548216759530456,68.95079733040274,11.058913773706276,4.810895919799805,0.7767768762822442,0.8330980864894558,APTOS-train,1,107.67828293328654,41.92345361758782,8.317062517166661
8.437079166801857,44.570763403350654,14.351960911656029,2.277132272720337,0.5186742119245773,0.7969478946677644,APTOS-train,1,64.88495941264671,25.98450481838104,7.786096097171016
11.782883547638793,65.94052425613832,19.102054678160062,3.451582431793213,0.7086291184548893,0.8332914498580889,APTOS-train,1,85.06663263534959,47.98793112163152,14.476088747825557
8.228840016277378,82.15076384833006,21.204495924076227,3.4258739948272705,0.7793924311051972,0.7185402920876656,APTOS-train,1,87.77189052542764,50.85221414215789,28.804765454678854
11.724370189628544,78.39193905206733,13.73667453841335,4.938726425170898,0.7714869633344029,0.8330909337137974,APTOS-train,1,113.82702132671591,51.86918884662923,9.817600405896176
12.186399418833231,88.73096995908477,12.649246962024396,6.256857395172119,0.8299300440651126,0.8336555261391033,APTOS-train,1,114.43090943250832,63.68674967383343,23.39210490928373
8.046983069390249,86.89214183440272,15.75051336632989,4.7199602127075195,0.8379076073556309,0.7195510007022472,APTOS-train,1,97.92551545074836,52.01885643433989,27.02925691503857
6.786105131376232,80.01807861499591,17.950503559715774,3.6385061740875244,0.7027344849802224,0.71483237376722,APTOS-train,1,100.08732125353424,44.559400356696734,11.717857041752627
8.376010556314014,75.965448216267,22.736487142741023,3.308161735534668,0.8357165609238199,0.7174310756173486,APTOS-train,1,76.90745158293853,48.66148278970317,28.871037249234863
5.388289168404961,111.82910480423837,13.083757052575836,6.882331848144531,0.829335447642514,0.746694459584102,APTOS-train,1,123.35581223097994,71.47429286153502,44.76451616566046
54.57909205607325,100.89913528808826,16.16830049874723,4.948797225952148,0.7962314992156232,0.7911092970521542,APTOS-train,1,136.85819591836736,65.26849433106575,7.627118367346939
15.964823650327011,54.49181104409488,18.770177808253173,3.041346549987793,0.22028160831363475,0.9032090831732219,APTOS-train,1,92.13865065131282,36.061985426570025,11.225299685986869
18.284113249388177,53.461812105310855,19.212939804737815,2.8664956092834473,0.28607802876667787,0.8928080888772413,APTOS-train,1,79.89015677764745,39.23844553237777,13.554092274708603
11.915759810381822,67.97147394488127,14.077781238232452,4.862849712371826,0.893277398374193,0.8334023178807947,APTOS-train,1,100.32317623294779,44.57847429387799,6.914788506729331
8.168422218625096,101.82747378384231,11.420292863966491,7.3201375007629395,0.8459789008986842,0.833544181264687,APTOS-train,1,146.2804560419019,70.11087517548143,2.6980243556779686
11.642218992376312,78.25964272212477,11.911199179941745,4.506041049957275,0.8906635707675505,0.8337480353709524,APTOS-train,1,120.95972438924832,48.61129695081942,7.473740968428602
5.507857719304771,76.56717284081994,19.030377749279566,3.127406120300293,0.810878811911586,0.714945168493204,APTOS-train,1,98.67515207383056,42.423990066986796,4.885982225320514
12.61190663507761,84.00569207934338,12.236753863502647,6.205892086029053,0.8075389941498281,0.8330546929837946,APTOS-train,1,110.52029480880154,60.503481494338814,14.93337952436903
58.89581428057633,95.3672537284032,15.730192945486474,5.313998699188232,0.7755708173834549,0.7919836734693878,APTOS-train,1,126.61795918367346,64.03319002267574,2.4537151927437644
12.433862802043405,78.78807665258385,16.998613806839714,4.023886680603027,0.7540142883652706,0.8333083780938139,APTOS-train,1,109.52839556566057,53.60054656743065,15.214956644642475
19.44052016102446,57.67247911166276,20.113913637989207,3.240577220916748,0.2664476805444165,0.9005404057068611,APTOS-train,1,86.13371232513384,42.724193772467565,17.213006166592727
10.924906854045114,49.043141101477055,19.399648966057146,1.8350638151168823,0.7136907773820618,0.7967569889393994,APTOS-train,1,68.56480652897591,29.336379870581826,12.013830722299778
10.3757346486083,114.28259979350752,14.157939503932605,6.973477840423584,0.970507690897736,0.8343476763969848,APTOS-train,1,141.00395286225472,83.62748463583789,38.52717935537278
13.174796521272429,53.84035243934935,12.700522133725931,4.493546962738037,0.7443026665279331,0.8330172601245155,APTOS-train,1,75.84596068453017,35.039714356288336,16.731337216177863
9.966107121338528,79.95103374507724,11.083542293142882,5.740817546844482,0.8482063213602674,0.8336583872493667,APTOS-train,1,131.14913584933012,46.1026842936491,6.186733699301126
10.490190662756099,82.05014548305004,11.969174201981836,5.726909637451172,0.8803034336116864,0.8340141186254464,APTOS-train,1,124.29764893032625,52.859831108661155,4.721520270012513
51.54736357640741,94.5015423689732,14.939894893005592,5.344522953033447,0.7302683614334387,0.7906675736961452,APTOS-train,1,127.4955365079365,61.666354648526074,6.2271410430839005
16.14154690691699,46.580743071418574,26.490722011794432,1.5595502853393555,0.023469696684373487,0.8908768844340107,APTOS-train,1,69.84495976558738,34.0427698831568,11.264584875902452
8.666520204049945,101.24100908470172,11.602116435651316,7.538393497467041,0.8494644728391283,0.8338486510818811,APTOS-train,1,147.35666052163762,68.60760850283822,3.5578449736014894
27.033747040677465,72.54167456415256,25.002548554779196,2.7183969020843506,0.3009270142862652,0.8943676953267458,APTOS-train,1,109.11810599877174,52.8170630773287,18.08912076323031
25.186207404553077,80.40763674091914,25.08533124135504,3.3197996616363525,0.32654890405770765,0.9105143484582728,APTOS-train,1,142.82444353052432,50.5090517561212,14.147710301177904
13.29502384018996,66.34002619705844,11.705476366350556,5.200140476226807,0.864929601724377,0.8329459707937864,APTOS-train,1,97.60683576464126,43.5280829893643,7.1987532235175635
10.18612250625685,86.0240395515808,16.45138262149052,4.1147050857543945,0.7363126566151921,0.8328596606341746,APTOS-train,1,130.11683439130832,55.47698713644826,4.317123077333903
9.075740990861751,86.7741034002264,14.995986289781339,4.124699115753174,0.8492228916723318,0.833460255363628,APTOS-train,1,139.12227193136388,51.84504608294931,5.4143872360148935
7.238232863575082,78.19675025044776,10.947897880035763,5.965309143066406,0.805712397080941,0.7513790831902396,APTOS-train,1,107.34641185181265,44.147217700804184,9.015672187865528
12.101537180561582,80.72336577033663,12.041963551565797,5.67686653137207,0.837701237210476,0.8334650238807336,APTOS-train,1,117.52241036141545,53.6700984889523,8.142152832880642
59.670192634159086,108.57878809068285,15.000641065120998,6.509400367736816,0.8111442712694843,0.7912553287981859,APTOS-train,0,144.19695873015874,72.46060861678005,4.363526530612245
80.24536561555288,117.99020395808706,15.853421357847472,7.516353607177734,0.7853869557934795,0.7911011337868481,APTOS-train,0,153.38005170068027,79.21337777777778,10.267657142857143
56.674232342587786,93.00535764272898,15.615968866443922,5.394587516784668,0.6853071340623044,0.790614058956916,APTOS-train,0,119.72538140589569,63.04804716553288,8.066798185941042
60.74299496658848,118.1763390477806,18.800733164611113,5.495530605316162,0.6942392560886396,0.7913532879818594,APTOS-train,0,150.17402448979593,76.83819773242631,32.600391836734694
12.139198210873184,52.083675817032606,17.23651929757739,2.285841703414917,0.6783482892064268,0.7969299972557301,APTOS-train,0,69.00451213643396,32.338821873023825,16.779587404994572
45.968391284864154,105.92577944831099,13.957096102635564,9.042981147766113,0.7626890759524385,0.7905469387755102,APTOS-train,0,122.61996553287982,76.46668117913832,22.079873015873016
4.8919412522536225,71.03815749160059,17.98055603685128,4.3310160636901855,0.5276900759836414,0.9062576470643956,APTOS-train,0,84.25548871747185,59.77577583661844,41.1649068222471
71.30674596611004,116.61698733902018,15.20916846588406,6.645241737365723,0.8065065717245612,0.7926938775510204,APTOS-train,0,156.3557560090703,75.07983764172336,16.576197732426305
65.35552152930103,97.11981995216475,21.474681540976942,3.7497687339782715,0.5593113882533383,0.7903165532879819,APTOS-train,0,126.20825578231293,63.17780317460318,18.81277097505669
10.436923416915619,44.29514513677622,20.822154554746852,1.5781725645065308,0.4273836168208467,0.7968146583781763,APTOS-train,0,62.724857118993924,26.403296305576436,9.323575266572009
70.77828854627967,77.95277634929195,17.836325032162833,3.937769651412964,0.8583977237711153,0.4756356564174154,APTOS-train,0,53.51092736434756,34.79290307954803,5.990468633791109
57.1964506155582,105.17738835020496,22.451017217550817,3.7211570739746094,0.7066264761210834,0.7908190476190476,APTOS-train,0,133.22474648526077,70.34332154195012,20.591890249433106
45.215328132139796,112.560558956407,17.117233347191043,6.1138997077941895,0.8307805014604819,0.7918222222222222,APTOS-train,0,131.43875646258505,78.49054240362811,35.646713832199545
78.47398252856716,91.99410924222295,21.4027593469424,3.2853081226348877,0.8196909926917022,0.47598763885408835,APTOS-train,0,65.24889533195721,39.1199623756627,11.785535311593943
56.07541111728345,82.16918528026405,11.707455726350794,5.148046970367432,0.8110464608386706,0.7914467120181405,APTOS-train,0,119.12587936507937,49.785649886621314,4.705055782312925
91.13231838749677,101.6775951488405,22.958170694741657,4.202624320983887,0.71065165522125,0.4758384937538032,APTOS-train,0,64.05012866250651,45.51352248909252,22.23693389491435
54.451746605345555,97.29978119667528,19.625497669015957,4.48556661605835,0.6753263081775865,0.7909442176870748,APTOS-train,0,123.1225179138322,64.41563174603175,22.839560997732427
16.15272639768786,75.41280293165339,27.18287113522857,2.8187131881713867,0.468120679543384,0.9142962411570335,APTOS-train,0,78.58871324870188,67.14746835792761,60.02064825792966
53.95471475770554,114.04050184958255,19.919110637766273,5.214415073394775,0.8092147001446841,0.7919909297052155,APTOS-train,0,142.20947029478458,73.31399727891157,44.972396371882084
41.98101446988409,99.5152195927316,18.326815885248926,5.0145063400268555,0.7754926327209106,0.4755862553914388,APTOS-train,0,69.79655583699544,43.256909688313804,9.390835126241049
40.47078718302014,118.86461692658082,16.935897801351558,6.389747619628906,0.9122995485088228,0.47511927286783856,APTOS-train,0,84.92583052317302,51.16847610473633,9.2405637105306
31.386841362689964,79.52842539041724,19.169972780137456,3.789429187774658,0.7580592739590984,0.47484419308523546,APTOS-train,0,59.99027375086007,33.418238656023675,2.172924795074632
8.911211616377672,64.0014180480796,29.20983805618487,2.3364439010620117,0.42771169534689457,0.9050762665191557,APTOS-train,0,71.85354086754833,55.23243941257676,39.54367583514689
13.497909854332748,58.22942509997152,21.46613762177332,2.8321869373321533,0.32905325226775584,0.9049794525846485,APTOS-train,0,63.971611136809635,50.325672586448334,39.658203849621025
14.687184203389286,59.92668870163722,20.909644354669833,2.9473047256469727,0.3330649045742894,0.9044292586353612,APTOS-train,0,67.22044108662121,51.5371307898638,38.02233376959425
12.722851562298521,53.5974342145461,23.586852780589332,2.2337582111358643,0.002783633705391697,0.9754019099702722,APTOS-train,0,66.11886932380611,48.108771449275594,39.569892984514055
70.4074944427869,90.9465775106666,16.929750687128138,4.315995216369629,0.6768773823768786,0.7908208616780046,APTOS-train,0,125.36401088435375,57.57934240362812,7.1428009070294785
13.296927662595925,55.211554584106835,17.830923158951165,2.2164840698242188,0.44171818087212755,0.7969836894918328,APTOS-train,0,75.47581065333509,34.2762903039776,11.588345603003583
48.34249246513389,105.65687857506548,14.011958850047135,7.480886936187744,0.8321813256517901,0.790940589569161,APTOS-train,0,132.5354439909297,72.90127528344671,12.92431201814059
20.19131950001966,61.142247099085075,18.94455108665938,2.3840603828430176,-0.21738889136785433,0.7972461848683347,APTOS-train,0,82.34405388314183,37.502294845943055,18.688598950813933
9.280628863867287,48.06437801436666,18.88360036660248,1.9241307973861694,0.4324464232065851,0.7970095413092155,APTOS-train,0,67.37263803876182,29.205551777213014,9.200761236591855
47.469316344322806,87.66318229405331,18.64708012203703,4.18008279800415,0.6217753846819856,0.4752047856648763,APTOS-train,0,65.94218095143636,35.75992329915365,8.416979471842447
60.29235349399617,101.52018580362828,15.949586969339403,6.288292407989502,0.7078288068643614,0.7892662131519275,APTOS-train,0,128.21152199546486,70.42165351473923,5.414387301587301
15.327028384982443,57.38432947515466,17.3728090419365,2.491424560546875,0.6886603264113471,0.7971905040308949,APTOS-train,0,77.25312906420399,36.163896545004036,12.475955821232693
56.15516605496048,54.52435699662688,16.855182250984807,2.9362447261810303,0.6844265323571177,0.4737571080525716,APTOS-train,0,40.193965911865234,23.18904717763265,1.8856744766235352
57.99570824030991,105.01371086766306,16.21155942858601,6.241324424743652,0.7188623072567613,0.7909378684807257,APTOS-train,0,147.26682358276645,62.31320997732426,23.41043718820862
47.408974244280486,100.4302774302407,15.958115975304825,5.560483455657959,0.8175381764555447,0.7902131519274377,APTOS-train,0,131.64446077097506,67.33362721088436,7.088621315192744
43.37657131922208,104.37740354245308,19.023379693708403,4.450619220733643,0.7074543149531699,0.4755557378133138,APTOS-train,0,69.3384739557902,46.55220603942871,13.912834485371908
14.192671913449438,63.79989433338232,17.981150370257602,3.566150188446045,0.5426112388982445,0.9050418131613971,APTOS-train,0,76.91155474390327,52.71479252083554,37.70640541795006
200.8183907630821,123.19798822783966,36.08226478538935,3.1048853397369385,0.6104850607815322,0.4770415975627702,APTOS-train,0,76.80469747407858,55.96423301635028,26.171296130579517
14.684505794522755,68.99327701314597,21.309959692664137,3.282372236251831,0.4466653633847888,0.9077588398090977,APTOS-train,3,80.41142627322142,59.36453526372209,38.840386722407025
10.870775763443973,102.883469747025,20.22039685914332,4.453500747680664,0.8309259992957001,0.834290215765862,APTOS-train,3,130.96756669248023,78.25618095187231,9.038921590319529
104.62484826476773,96.62797902527406,21.64429674289922,3.4210398197174072,0.5342315529260657,0.7350538563829787,APTOS-train,3,121.12166622340426,58.755737367021275,4.735516622340426
12.597739538988826,45.73729966349512,18.778777085568557,2.3770251274108887,0.3045198176467805,0.9042486892438267,APTOS-train,3,53.006242372669966,37.92401245317036,33.39183242213216
9.401522132820876,82.95839582106282,13.329554446008471,5.852450370788574,0.8651551940729261,0.5476675647409226,APTOS-train,3,81.35463879510266,36.43972884409886,5.062759333151445
28.065049244807625,87.63769999374891,14.651644090998417,5.632843494415283,0.4926886361373747,0.9894108072916666,APTOS-train,3,140.05458984375,72.6115625,19.327649739583332
12.150408985108886,98.16698063179356,19.722275657315805,4.168773651123047,0.6023007982573649,0.8335706465346232,APTOS-train,3,117.3442058702353,73.71605507255775,33.04944475386822
12.883539644964959,67.43460601578981,13.78248211059195,4.264735221862793,0.694552723403487,0.8331562623981444,APTOS-train,3,101.85733383625293,43.12894690160832,6.097073894848475
34.11964354830847,106.46108875758893,15.956471336042025,5.811773300170898,0.6263700208203737,0.735845079787234,APTOS-train,3,119.26355053191489,70.45307579787234,13.571956117021276
10.810612130447954,67.55597456284974,22.38212546719481,2.7799599170684814,0.6242912607069643,0.5467622078416661,APTOS-train,3,57.10641806919719,32.209048098128825,14.758797610724598
6.880178589927499,95.33750844916699,13.568874195672818,5.220965385437012,0.8257065617980702,0.7462460928037714,APTOS-train,3,120.15751896533251,57.83148498495351,14.705953932351353
5.455881397197336,75.6966339270279,15.938540341840431,4.702802658081055,0.6891790285638149,0.7460767906721076,APTOS-train,3,90.66805704040658,48.015720059580374,13.543417626288036
8.623847947456587,81.42856527233374,14.565672280706822,5.373070240020752,0.5990997295120664,0.7516181303591729,APTOS-train,3,89.90028094885302,53.489122783567424,28.12857818028536
12.411489533079783,87.31898181951405,12.080935994738004,6.310904026031494,0.8879056838600886,0.8330124916074099,APTOS-train,3,123.40417092654195,59.836086516159554,8.748411606952116
5.241724665021564,109.38953957973027,13.675346917149167,6.505031585693359,0.7599285587087039,0.7429050324221589,APTOS-train,3,128.48953791436077,70.95125510672294,14.139470455540648
13.105150810451706,54.055604962969916,16.3022423139328,3.4553732872009277,0.2677579756498272,0.9035791024181695,APTOS-train,3,73.57682033681026,41.94907449799736,23.27598561286238
14.684298375975283,60.060014028137,19.9950277608699,2.9997544288635254,0.3396306479186346,0.9045529930708716,APTOS-train,3,79.50580841409949,47.91507614305358,25.53273752670059
7.423738321491202,116.24329305391632,15.086405744328347,6.021318435668945,0.8799160318321562,0.8339106418042542,APTOS-train,3,153.21638672292246,82.0320198770867,28.77308319917905
16.605787757159792,72.30884042157454,25.724849867704144,2.858041286468506,0.29746729733121435,0.905569707284189,APTOS-train,3,87.39249154974716,60.468901609218626,38.86184586517801
14.7885765876201,83.25009313906993,13.099544117321313,5.541719913482666,0.8008626430378843,0.8332444799645985,APTOS-train,3,103.6965473075045,59.975728724784084,30.423909010971403
12.424697227390753,59.70002868921718,17.96239003738416,3.65706205368042,0.48660521854567607,0.9038569622031755,APTOS-train,3,84.62693811146913,44.620945575793364,25.496452156807642
14.013878859737474,56.15716815177802,29.26826546741198,1.9463354349136353,0.3349168775714413,0.9053427621472878,APTOS-train,3,63.76979395749692,49.13039833410429,30.67414250260099
7.847154443867055,105.21269521214681,12.986205651760049,5.796505451202393,0.912361875263267,0.8338736857966856,APTOS-train,3,155.60314946249275,69.42237998596148,6.914907242805262
13.718049441698948,99.86813401503332,16.59838246274556,4.993195056915283,0.788051543336429,0.8335286835840937,APTOS-train,3,126.94159830202643,71.93473879016999,29.535501609851377
13.882189628417667,78.8993795974497,10.36247375148956,7.046926021575928,0.8793221268431157,0.8329113990447706,APTOS-train,3,109.88815729239784,54.44929468863491,10.408786135822627
17.52427206532103,84.89975935062918,18.639921145057258,3.384585380554199,0.6820310779111214,0.7459874084633015,APTOS-train,3,107.39547391204091,50.845182590092605,14.297949770110124
39.6681502028407,90.00339519391184,18.436302183906758,3.7449121475219727,0.6449366327738996,0.7899655328798186,APTOS-train,3,121.32417142857143,59.525803174603176,1.839308843537415
11.360850659846134,88.92853383357561,14.285730823877788,5.166092395782471,0.767088638603703,0.8335143780327768,APTOS-train,3,122.46913958784754,61.98956410031434,12.201156079287088
7.403478088341214,116.24311350845673,15.08665813884371,6.020913124084473,0.8799024576977659,0.8339115955076754,APTOS-train,3,153.210296611301,82.03472243415632,28.763612924207283
10.98764870111204,61.77199160030123,18.086171246026353,3.0098953247070312,0.6415830877507858,0.5465138874678853,APTOS-train,3,56.72243750426301,28.682193795045812,7.324837330616375
12.879711698417648,50.05633547950497,14.62774304001831,3.4984612464904785,0.454068951220866,0.9051700864996456,APTOS-train,3,50.50976100900992,44.516310250973696,40.61834458718088
12.153164372878102,67.06941689496217,8.97097350004541,6.95524263381958,0.8372772369907284,0.8127727481175757,APTOS-train,3,80.90308711244671,47.71891120536441,23.028064394443703
6.01445141866157,75.32733464419313,23.27064723020412,2.835658073425293,0.6254626959735381,0.7149159745641258,APTOS-train,3,87.57238413548814,44.40953287944146,15.907471168783374
13.882189628417667,78.8993795974497,10.36247375148956,7.046926021575928,0.8793221268431157,0.8329113990447706,APTOS-train,3,109.88815729239784,54.44929468863491,10.408786135822627
13.869961974383655,77.15395961864117,16.248932585165146,4.197519302368164,0.8012306940668448,0.8330926026947844,APTOS-train,3,107.0827929013947,51.955251043351545,18.05442618526261
13.021902634860671,51.051453487168075,19.8592280566151,2.6303963661193848,0.2345085443076771,0.9052835590680962,APTOS-train,3,49.906410785695904,45.55382270335468,44.69347901763936
10.7638133480381,92.43643422999216,11.595342032093749,6.721083164215088,0.7313954422959881,0.833859618671224,APTOS-train,3,131.1242317918943,62.649792950987276,12.184765493865779
17.52427206532103,84.89975935062918,18.639921145057258,3.384585380554199,0.6820310779111214,0.7459874084633015,APTOS-train,3,107.39547391204091,50.845182590092605,14.297949770110124
12.080297757092024,82.27891499892453,18.288846356370794,3.5255331993103027,0.6497061190967184,0.8335711233863338,APTOS-train,3,112.24798100985748,55.4196559705649,24.40983497116001
36.99813705246571,88.4095831355541,30.40245396587582,2.916841983795166,0.13695494285932497,0.9328061275241222,APTOS-train,3,108.13851465282782,75.74529323851878,54.74879662180686
15.342528461054181,64.76095085161859,28.669655850266256,2.1405460834503174,0.6075493441449826,0.9063448729344046,APTOS-train,4,84.40897723917887,52.25945709987007,30.00508633387695
7.722493685621957,93.10979500086967,13.82371573183139,5.359258651733398,0.8201314764290228,0.7465615508599326,APTOS-train,4,95.48942160103043,61.79065987944174,44.662412422904204
13.060532394869403,76.27550506777591,14.949219406244831,4.835258960723877,0.8911048081468039,0.8331865424817652,APTOS-train,4,108.59885755867184,52.30360385448775,5.920179553743095
7.230255850722598,103.31700496009375,12.677936937679352,7.071592807769775,0.8822856318525318,0.7462855432574953,APTOS-train,4,126.46968880433973,63.8495714894628,19.330818694449103
10.91196514728155,29.761461576826424,10.688442204508267,2.7938270568847656,-0.06800540809652844,0.9013625391332354,APTOS-train,4,32.572502261557624,25.709095803212122,22.314231591394556
10.551762839754836,94.31658792975513,18.481283414274998,3.590925455093384,0.8236622405281372,0.7153397288680187,APTOS-train,4,114.4924790246043,55.91529204545053,5.664695781565714
6.055546059002528,106.83300556188097,16.504393986923354,5.105612277984619,0.9319954546878073,0.7468071335737045,APTOS-train,4,118.41633170174408,69.26877725138353,36.46602020329066
12.563882343310942,89.00875180743849,17.393947046684545,3.982675552368164,0.6876884776815801,0.8333646465956602,APTOS-train,4,124.42546736236152,62.341193121127965,5.888721884823145
13.518030717636844,60.16614045191159,19.98822072209479,3.1324238777160645,0.33798555930374463,0.9049974108520034,APTOS-train,4,76.9842618481149,49.241283333307024,27.097152844984237
11.227978478896262,87.29123931819692,12.618295734543132,5.9209771156311035,0.7797271506433823,0.8327871791741691,APTOS-train,4,126.00431789223914,59.26450725959044,4.627246209982604
16.324539131252052,88.09101137037428,34.91597645210134,2.4824297428131104,0.36958065740717316,0.9056158856859584,APTOS-train,4,109.92081627626841,73.06155324409193,39.621829872452885
13.362779503980192,58.98195208194527,24.844462917210194,2.4084203243255615,0.2645035261880685,0.9045721353998102,APTOS-train,4,75.96753559683808,47.9785489483165,26.481105337275995
16.300291627035126,66.31931928238292,11.370147890362075,4.8887858390808105,0.8267024713228084,0.7510668164208982,APTOS-train,4,88.72778332563881,37.799398709692724,12.015996543852381
7.989903852464147,93.43093525224354,17.163735550925654,4.353067398071289,0.8077061630173785,0.715141121683835,APTOS-train,4,112.77823362574445,53.627239528226106,16.133650691984585
9.37634179409035,90.03657769135383,14.216051593410771,6.155697345733643,0.731214121364959,0.8338913293099764,APTOS-train,4,117.63681042474136,66.04128939748833,12.488180038224433
13.566285103879473,61.08884210654727,23.490333026684045,2.6108012199401855,0.6924362136877781,0.90591091436393,APTOS-train,4,80.25653009963483,48.18459085936032,32.008648385808314
4.454936843990775,123.24865818206978,13.94465421116679,7.906794548034668,0.8728302729207633,0.7448370856392197,APTOS-train,4,141.567848520739,79.82333519085284,27.148145333724635
13.078092597998209,58.25934351333735,21.519950237995484,2.669236898422241,-0.10286124690656484,0.9803591811345836,APTOS-train,4,72.24098297635192,52.74419513808526,41.64320099997948
7.826028656913735,78.2342351083354,11.304367646043115,6.194958209991455,0.8442614990619846,0.7456833051502786,APTOS-train,4,102.20880659320439,44.95212767506102,15.259856790485774
32.70043192087237,88.4989378953515,13.619674982158683,5.8408613204956055,0.4420908527340571,0.7355678191489362,APTOS-train,4,103.73384906914893,56.547622340425534,9.795513962765957
12.402172208208402,78.65322318986873,14.89342934722616,4.1978373527526855,0.7696765952918166,0.833316961424604,APTOS-train,4,115.90657592814416,51.46370204779198,8.433597207174902
6.060967089853303,94.84401521471588,16.179973048200985,5.216466903686523,0.7176127515943325,0.7461469571617567,APTOS-train,4,108.77647882427749,61.8338105236924,20.580303509372612
3.921321217151471,98.8793886715672,12.432897629914555,6.911986351013184,0.8729430870510976,0.746365317606723,APTOS-train,4,123.84188389163732,60.66041355139099,14.241558330771237
11.873126137925617,114.74732323942936,19.90203792177081,4.778316974639893,0.7109464159567863,0.8337189474166081,APTOS-train,4,134.80897558900725,88.78713601908933,31.3132651085696
12.737384521887643,89.6307223051624,30.948461117190888,2.297694683074951,0.7089219557580765,0.7152344537904336,APTOS-train,4,97.64508807719936,55.367920029866276,23.121302102316758
12.69609259464448,50.39184470270248,22.108048457349675,2.5417261123657227,0.48348775259335,0.905056613931195,APTOS-train,4,62.132934791360455,40.64999119847556,32.23346240920221
8.593930330993718,87.25458292412696,26.588325155255664,2.9554848670959473,0.10674685205428613,0.7287239408644978,APTOS-train,4,87.10289747387536,58.23384806895124,32.406255895732016
16.994803529856746,61.50727533624788,7.701852481232762,6.688151836395264,0.9526559256110172,0.832616704687643,APTOS-train,4,75.1529838042085,45.257812738425855,21.663628564943387
14.887953743028895,78.16828052756075,25.344421183097662,3.4981303215026855,0.45355337187173317,0.9053642725993941,APTOS-train,4,108.31823016736315,60.8789914715991,28.052076409862128
38.36208150856215,52.194137431672466,13.739765634050014,2.6952762603759766,0.6480211034623926,0.7089015957446808,APTOS-train,4,67.55540292553191,28.03064228723404,5.076305186170213
7.431288108660519,77.30032060272859,16.16619616174695,4.624885559082031,0.6660273573285143,0.7210226409210968,APTOS-train,4,96.05294007053917,45.39316565107224,6.323217376294441
36.19642853301026,86.37959280804286,17.750888274304906,4.060677528381348,0.49901829612298276,0.7348264627659574,APTOS-train,4,100.73388364361702,54.9296835106383,11.541460771276595
10.986390367749575,31.33226681552309,10.87263566178392,3.1201353073120117,0.30559402445129524,0.902911291684888,APTOS-train,4,35.50519921441461,27.137906863294564,19.60741293595174
11.734202455949292,104.19308276748782,15.759550974051116,5.679873943328857,0.8079746744150622,0.8337351603747672,APTOS-train,4,128.66148869289225,77.30896962836086,28.984591013824886
14.146175634094716,71.84635739745674,13.278168807918492,5.2110276222229,0.7507185694890748,0.8327259037293618,APTOS-train,4,97.99895354892116,49.7232936815241,14.361983378856777
13.01985889290183,51.567977175535766,21.872265997606515,2.4713757038116455,0.22915677489517583,0.9053549974503208,APTOS-train,4,50.96707440485118,46.25622638783858,42.762001648213726
16.268586920061214,89.2914504214346,11.967535209344922,6.815481662750244,0.8038984244842248,0.7520162761925443,APTOS-train,4,106.63414697568835,55.06844013966924,28.6419730332896
13.63997971575411,56.64856944129498,21.415044911923765,2.7799501419067383,0.220335328283761,0.9050808871936635,APTOS-train,4,66.16514304253307,48.470565807774705,31.709626262801677
14.1887246343277,95.08464836417615,15.014051944007717,5.229540824890137,0.7770405341082511,0.7551066679561832,APTOS-train,4,112.91772854095461,63.86221143265895,7.297401365671002
15.993269893932945,89.65599512576796,13.341043233012881,6.037611484527588,0.8448164389383488,0.755487478307838,APTOS-train,4,104.06287316905379,59.88496219952592,15.344738293531675
757.4499542977228,128.16230507328245,37.6970367044272,3.3295071125030518,0.47808530823174566,0.9926834106445312,EyePACS,0,127.45613479614258,127.08208084106445,127.92240524291992
451.6260999494624,144.92530120481928,42.29279405922159,3.2339131832122803,0.39751444870838026,0.7962989807128906,EyePACS,0,131.16129302978516,130.02350616455078,129.73955917358398
844.8361699854894,132.07447924715527,31.769150139906493,4.081846237182617,0.8765133293890273,0.9380111694335938,EyePACS,0,128.26665878295898,128.0837860107422,127.98858642578125
485.84072077748885,130.16104116213347,38.48499569004455,3.2856266498565674,0.6162332012996801,0.9813346862792969,EyePACS,0,127.96625900268555,127.67989349365234,127.68391418457031
727.7956988321301,132.74327942637964,31.590401351037876,4.134500026702881,0.7519239259181459,0.9289016723632812,EyePACS,0,129.0858497619629,128.14688873291016,127.91349411010742
663.6950887570048,131.7228901447188,30.32279238326227,3.877436637878418,0.9192320974204891,0.9376029968261719,EyePACS,0,128.3723602294922,127.62240600585938,127.73832321166992
954.7251779404783,131.1891365867055,36.46160434407646,3.4046056270599365,0.776552021464321,0.9584312438964844,EyePACS,0,129.78183364868164,127.91815948486328,127.92111206054688
857.8877530500632,128.42366435625345,32.746249187903985,3.8887178897857666,0.6008202313467161,0.99505615234375,EyePACS,0,127.92860412597656,127.7192153930664,127.81664657592773
1351.5067666062662,139.44278186404003,41.31530226520065,3.3433310985565186,0.6558798259704832,0.8303337097167969,EyePACS,0,129.70813751220703,128.4101448059082,128.0865707397461
1141.2927100851718,142.81856523644865,41.57303524147835,3.1733665466308594,0.2895607444817042,0.7832717895507812,EyePACS,0,130.2795295715332,127.77859115600586,127.73466491699219
1142.526636287731,129.395720702655,32.88116936431394,4.005704402923584,0.8389151676017228,0.9511566162109375,EyePACS,0,126.84266662597656,126.81112670898438,127.5881118774414
1116.0259655163925,132.49829405924007,39.79339381266445,3.2248764038085938,0.8229338723377222,0.9335823059082031,EyePACS,0,128.53509140014648,127.51739120483398,127.65337371826172
1747.9488631513461,141.97398534577547,44.9465689022557,2.997558832168579,0.18017261392463868,0.7840652465820312,EyePACS,0,128.1208267211914,126.98330688476562,127.01678466796875
855.4409608863497,130.33034827471118,36.30266401716285,3.614596128463745,0.7250696164210761,0.9486503601074219,EyePACS,0,126.55157089233398,126.2430648803711,126.10314559936523
596.3864708998376,127.69767202189422,25.827857602748285,4.944278717041016,0.693134587171359,0.9994010925292969,EyePACS,0,127.7208251953125,127.54280853271484,127.75500106811523
1294.133197092647,140.36495276908255,36.87842911378434,3.61026930809021,0.6180446528877239,0.8274574279785156,EyePACS,0,131.14397048950195,128.8488540649414,127.94121170043945
1755.0376002118746,128.91130188730023,38.83451754819363,3.221348285675049,0.5675837249191403,0.9922294616699219,EyePACS,0,127.95987319946289,127.92172241210938,127.80414199829102
1477.8446814699896,132.76280511714538,39.10493947625853,3.1887872219085693,0.7283902130559095,0.933929443359375,EyePACS,0,128.45597457885742,128.09701538085938,128.0374412536621
1660.2544265493448,135.17486074520934,51.698209434254636,2.3396313190460205,0.6709882268493186,0.8991966247558594,EyePACS,0,129.82379150390625,126.98678588867188,126.44248962402344
1440.291118461158,129.26926427618747,37.34527232576586,3.4125654697418213,0.515178363871635,0.9896011352539062,EyePACS,0,128.25814056396484,127.7754020690918,127.88631057739258
1356.3571594849864,145.24215962578427,40.800982623123225,3.3491549491882324,0.2737244233887737,0.7837028503417969,EyePACS,0,130.28399658203125,129.25996017456055,128.41486740112305
1733.6614246843105,128.66442609972253,37.7194661309219,3.3651535511016846,0.8026039629250739,0.9925918579101562,EyePACS,0,128.0876007080078,127.58248519897461,127.7206039428711
752.2083939954721,130.17040927059918,37.00231696315431,3.4005441665649414,0.4440931606631304,0.9842681884765625,EyePACS,0,128.4644317626953,128.04742431640625,127.9367446899414
1301.1971298965177,142.94896375200122,44.069956142566895,3.069150686264038,0.10217639535202283,0.7839241027832031,EyePACS,0,129.06629943847656,127.9799690246582,127.5323715209961
820.2788839744144,128.04594246293513,27.525266849418248,4.568550109863281,0.6611169806747521,0.9975471496582031,EyePACS,0,127.85620880126953,127.65178298950195,127.7396240234375
283.00264570575695,132.6549163780267,39.59744061004442,3.3432726860046387,0.7129809949425783,0.9504585266113281,EyePACS,0,129.12623977661133,128.10154724121094,128.10198974609375
1142.7701658974167,129.00708840701225,37.445611409104885,3.369330644607544,0.534957149342858,0.9918289184570312,EyePACS,0,128.3442039489746,127.8204116821289,127.75760269165039
1631.7849590669975,133.09215245994838,38.2460150154769,3.1722676753997803,0.8683465964969377,0.9326820373535156,EyePACS,0,128.7718734741211,128.22080993652344,127.82146835327148
654.7214730376115,128.32169609468,30.049162025162563,4.279330253601074,0.572193982493936,0.9966239929199219,EyePACS,0,128.01344299316406,127.85090255737305,127.90550994873047
1495.3190916235014,142.77250618321762,41.73532848198479,3.200995445251465,0.3882399084880286,0.7850608825683594,EyePACS,0,129.93458938598633,128.95845794677734,128.3707733154297
1523.5909693296908,136.84336726492273,38.764794046196485,3.4992988109588623,0.7658067442159757,0.8780250549316406,EyePACS,0,129.0005874633789,128.2210350036621,128.2237434387207
388.8347585767153,136.52097654836695,38.54669463234316,3.422926187515259,0.6676093297063095,0.927825927734375,EyePACS,0,132.32830429077148,129.0987091064453,128.02638626098633
872.4788584708906,140.0792837013935,36.190631917841536,3.5409772396087646,0.4005758403570796,0.7864799499511719,EyePACS,0,128.66250610351562,127.88724136352539,127.97529983520508
583.5841399603761,131.95180491629876,35.36994930827298,3.4035942554473877,0.8648625790578277,0.9340629577636719,EyePACS,0,128.11560440063477,127.55301284790039,127.38382720947266
876.8571894486877,137.00334467244596,35.368135241473595,3.757896900177002,0.4024200954683951,0.8690834045410156,EyePACS,0,128.2044563293457,127.3577995300293,127.70098876953125
456.27133168101545,129.66379936064737,32.70171124336501,3.859250545501709,0.6728973594813576,0.9880523681640625,EyePACS,0,128.89063262939453,127.84469604492188,127.85572052001953
1563.4793887336307,141.36357232728844,38.525441255934076,3.493704319000244,0.4292787866930602,0.7852516174316406,EyePACS,0,129.52630615234375,128.4631233215332,128.23088455200195
1576.8466788739306,129.289629190197,41.309203237488084,3.110905408859253,0.49009957592199627,0.9902725219726562,EyePACS,0,128.80780029296875,127.70199203491211,127.77588653564453
983.1783031436718,127.6766910969143,29.424457813734755,4.079329967498779,0.7250130369262326,0.9977760314941406,EyePACS,0,127.47245788574219,127.33624649047852,127.51701354980469
679.61743730991,128.59422324510933,35.46954816930849,3.35498046875,0.7576550738582779,0.9944915771484375,EyePACS,0,127.93729400634766,127.87700653076172,127.82983779907227
1166.7384701971941,134.8295037993462,33.4452088669852,4.035506248474121,0.8396874633593187,0.8845596313476562,EyePACS,4,128.46675491333008,128.35581588745117,128.53286743164062
307.46656794126943,128.77128133790367,26.761579116576048,4.731616973876953,0.7435210949263982,0.9926910400390625,EyePACS,4,127.87580108642578,127.8174819946289,127.8957748413086
305.5381786357611,127.95378340430078,19.88919398722744,6.209249019622803,0.8923013838090917,0.9998016357421875,EyePACS,4,127.93582534790039,127.94709396362305,127.7770767211914
283.27101653306204,134.7818567799834,33.81340849079243,3.9213016033172607,0.8279292886772786,0.9326057434082031,EyePACS,4,129.2078971862793,129.32558059692383,128.3667221069336
737.3054157588185,127.73909423209872,28.06488634945592,4.68986177444458,0.8108734308476478,0.9987297058105469,EyePACS,4,127.8768081665039,127.4343376159668,127.54919052124023
375.8832686390936,136.56312962007908,39.494505827819644,3.46706223487854,0.7500031301081842,0.887603759765625,EyePACS,4,129.6729965209961,128.75665664672852,128.9065170288086
491.50347642806184,135.87231582286935,41.72123689463928,3.172834634780884,0.785954448317993,0.913818359375,EyePACS,4,129.62934494018555,128.43288040161133,128.0466766357422
1117.1337980151513,128.40260592066403,34.17839843801531,3.6195473670959473,0.5896492685475982,0.9945449829101562,EyePACS,4,127.73784637451172,127.66010284423828,127.86465835571289
244.1080889033465,142.05832975806302,44.65698796742055,3.1386170387268066,0.4675968991696866,0.8180084228515625,EyePACS,4,126.6341438293457,126.9616584777832,126.17707443237305
1017.2706325551083,129.20597182751476,32.26942385326644,4.160412788391113,0.51107529603142,0.9906234741210938,EyePACS,4,127.93968963623047,127.99784088134766,128.12717056274414
473.6802400509041,130.62212400987246,33.303956024716975,3.7353668212890625,0.7802830672673754,0.9598121643066406,EyePACS,4,128.1326675415039,127.2254638671875,127.43572998046875
243.31133179721084,136.4150188781242,30.352682175157053,4.248034477233887,0.7613677919406803,0.9032516479492188,EyePACS,4,132.19656372070312,127.91273880004883,127.80664825439453
1045.9348679138748,141.34994472608977,45.59665915263631,2.8068368434906006,0.4478989782530556,0.7833137512207031,EyePACS,4,129.21974182128906,128.14935302734375,128.02177810668945
657.1474372112035,129.67470930462034,30.502921706755032,4.044084548950195,0.855692136242467,0.9664840698242188,EyePACS,4,126.88890838623047,126.69814682006836,127.0614128112793
543.8211575870024,132.8262885013423,35.77980905039512,3.3486878871917725,0.8126031987272013,0.9307289123535156,EyePACS,4,128.4123764038086,127.32574844360352,127.59309387207031
377.40511445827406,132.17704436023362,35.05398243510839,3.65240478515625,0.6918241018359914,0.9522933959960938,EyePACS,4,129.45196914672852,128.26291275024414,127.70088195800781
1127.3117235602972,142.958110447587,36.145469800253444,3.796302080154419,0.33046524926811993,0.7844390869140625,EyePACS,4,130.2859001159668,128.35519790649414,127.86355590820312
1654.360052344957,130.6787174590411,38.68524649365023,3.360379934310913,0.8287318924641836,0.9488105773925781,EyePACS,4,127.99258804321289,127.45272445678711,127.80269622802734
250.28972393841175,133.01932925217108,44.78249514137239,2.9420440196990967,0.8444000916800398,0.9378242492675781,EyePACS,4,127.03936004638672,126.38526153564453,125.20772552490234
538.282679173231,135.95640917675212,44.332807552888454,2.8531453609466553,0.6954426252396217,0.9150199890136719,EyePACS,4,129.0050048828125,128.3336181640625,127.60608291625977
816.0962195060639,130.10170238833808,43.2973356802786,2.912686586380005,0.5674665542135331,0.9776573181152344,EyePACS,4,127.7064208984375,126.96199417114258,127.3308334350586
359.2590066274842,129.40157648229618,31.042026443481138,3.9844653606414795,0.807482221003944,0.9659652709960938,EyePACS,4,127.43402862548828,126.53323364257812,126.83972930908203
378.41044357367656,129.04916734580905,27.303178454063904,4.635093688964844,0.7186268896097445,0.9923248291015625,EyePACS,4,128.29153442382812,127.99576950073242,127.90377426147461
354.21746907328185,135.60353726688575,31.5392043590822,4.056147575378418,0.7369238440808203,0.9112739562988281,EyePACS,4,128.8946990966797,128.64090728759766,128.26952743530273
321.0983727618665,138.89207507140654,33.86694498451983,3.7395169734954834,0.5219791418827413,0.8774604797363281,EyePACS,4,129.67187118530273,129.1373634338379,128.2353172302246
1662.5154186582124,132.17719092971663,46.706951749941,2.855271100997925,0.6816090530041816,0.9096107482910156,EyePACS,4,126.99177932739258,125.49072265625,124.66108703613281
1055.9915987061167,134.6014627032128,34.70443150004162,3.890577793121338,0.7949561233836774,0.8893203735351562,EyePACS,4,128.73868942260742,127.90256881713867,128.00980377197266
636.1101907902571,127.92634598731169,19.819312569174325,6.428625106811523,0.8141651104858111,0.9999504089355469,EyePACS,4,127.90447235107422,127.9073600769043,127.90549087524414
299.53092093910067,138.64459414393383,35.720357711323736,3.5505530834198,0.6114679872634524,0.8579063415527344,EyePACS,4,129.7055549621582,128.29296493530273,127.62925720214844
532.9385871364916,141.77116554552032,37.02969644355103,3.4528815746307373,0.5639943648174153,0.8540267944335938,EyePACS,4,131.45690536499023,129.06068420410156,128.32758331298828
475.341822492717,140.9572965083642,39.80432654821431,3.2452473640441895,0.5104723205731415,0.8494377136230469,EyePACS,4,130.04396438598633,128.03969192504883,127.4130630493164
1210.2246736411976,135.57759311650557,36.255367481924196,3.6391468048095703,0.8329175226019944,0.8804817199707031,EyePACS,4,129.01715850830078,128.23044967651367,127.83000564575195
282.31105088168135,138.830689920025,32.68393369189112,3.7711093425750732,0.5576841862917018,0.8790855407714844,EyePACS,4,132.48856735229492,128.6947364807129,127.91853332519531
1065.444421063278,134.59856014682885,41.16979141334345,2.9671521186828613,0.8467655991929622,0.8854179382324219,EyePACS,4,128.8083610534668,127.71136474609375,127.85145568847656
264.97555269177406,139.6831518558584,31.784678701035357,4.1783599853515625,0.5804530426598199,0.8604278564453125,EyePACS,4,129.81560516357422,129.48551559448242,128.34713745117188
347.27955073270067,128.02086531485088,19.871082193903735,6.430846691131592,0.7046761958427707,0.9989547729492188,EyePACS,4,127.89353942871094,127.88150024414062,127.89153671264648
1208.1196810259446,143.59193965663695,48.93747176348547,2.611171007156372,0.289353726636971,0.7859077453613281,EyePACS,4,130.09487533569336,128.32444763183594,128.05656051635742
630.4309461549161,130.4864777579752,33.182240909852396,3.790316581726074,0.6777641913851864,0.9567604064941406,EyePACS,4,127.39643478393555,127.33306884765625,127.68744659423828
1236.1972171002465,143.1372400535912,37.92576541102399,3.570042371749878,0.27931900432017887,0.7858428955078125,EyePACS,4,129.69862747192383,128.97265243530273,127.96960830688477
418.3540539000259,128.9946165183227,37.28315777230097,3.506532669067383,0.6833733100492796,0.9913215637207031,EyePACS,4,127.44351196289062,128.07431411743164,128.10467147827148
481.1246787259351,141.57846855735895,40.62239321049757,3.227396249771118,0.5522840007410263,0.8428268432617188,EyePACS,3,130.38350677490234,128.59785079956055,128.28607559204102
516.9772143248664,128.00613471122108,24.858373438181655,5.029124736785889,0.7784175880245556,0.9974021911621094,EyePACS,3,127.25470352172852,127.83790588378906,127.95032501220703
1451.5084712544756,141.7063217831419,43.27584318314329,3.0038113594055176,0.31265526568139734,0.783843994140625,EyePACS,3,129.58410263061523,127.76179885864258,127.57887649536133
2225.538272542408,131.3348823486022,45.97872051080267,2.6851437091827393,0.2652589753007626,0.9826011657714844,EyePACS,3,131.43318939208984,128.19190979003906,127.87788009643555
355.98433217079395,138.5285030752806,37.732481906337206,3.4913084506988525,0.7825842998026102,0.8825721740722656,EyePACS,3,131.14129638671875,127.72928237915039,127.53673934936523
433.1341183901467,128.65401822573645,29.13139063674315,4.1623945236206055,0.7572745885607044,0.9933509826660156,EyePACS,3,128.1643943786621,127.64856338500977,127.71444320678711
2087.3666952959793,132.57571557928657,51.22197191508953,2.519219398498535,0.497455823372992,0.8973274230957031,EyePACS,3,126.52542114257812,124.50511932373047,124.19488906860352
858.6537222445108,136.1171401086713,34.40889002206711,3.780142068862915,0.43306021005718653,0.8684501647949219,EyePACS,3,128.36001205444336,127.90444564819336,127.89689254760742
457.2079311437206,135.34077783384876,49.53918930690388,2.7054898738861084,0.7772152732915156,0.8844337463378906,EyePACS,3,124.7179069519043,123.64237976074219,122.20639038085938
1094.827600819252,140.00356010564855,43.10381970419187,3.0030081272125244,0.48987591192874236,0.7929191589355469,EyePACS,3,127.4051742553711,125.9531135559082,125.51383972167969
751.3358031243467,129.01243583088194,32.32485567142169,3.667051315307617,0.6985119780735094,0.9920310974121094,EyePACS,3,128.18904876708984,127.9256591796875,127.8607292175293
642.202553235279,128.51115334408354,31.85283522991868,3.539952039718628,0.7391221036298028,0.9935760498046875,EyePACS,3,127.99176788330078,127.5262565612793,127.75866317749023
1234.4997635431278,128.08256606664114,35.088432683159425,3.7207608222961426,0.8136691982237574,0.9960174560546875,EyePACS,3,127.80241775512695,127.47787094116211,127.6557846069336
413.0174714525839,132.75227637588515,38.9010276465272,3.284186601638794,0.8006827313280587,0.9195823669433594,EyePACS,3,126.92051315307617,126.55817794799805,126.85273361206055
1519.1810794775154,131.77233199651832,41.81096633250215,3.174561023712158,0.7470845331331145,0.9378738403320312,EyePACS,3,127.87211990356445,126.57593154907227,127.29402542114258
371.95288137849843,133.01138601929804,37.569791652235445,3.427316665649414,0.7920635969124081,0.9179916381835938,EyePACS,3,126.65828704833984,126.3104133605957,126.40935134887695
1220.849011177607,132.4976873341158,39.82141901364834,3.1785199642181396,0.7330176662943795,0.9327812194824219,EyePACS,3,128.82931518554688,128.15332412719727,128.12840270996094
519.2537884185914,132.82498355963818,41.65722797261486,2.9642155170440674,0.8576755675135874,0.9223289489746094,EyePACS,3,128.00142288208008,126.91093826293945,125.51636123657227
623.3574060758901,132.26037982327495,36.69068738885276,3.4519295692443848,0.8426121720903976,0.9286079406738281,EyePACS,3,127.58858489990234,126.3014144897461,126.71411514282227
963.3370585166796,128.07852794518033,30.25334822859778,4.082678318023682,0.617106572903283,0.997589111328125,EyePACS,3,127.98138046264648,127.65921020507812,127.86047744750977
883.1458045267086,129.9076697170301,38.41978457018558,3.199208974838257,0.918272385482247,0.9404296875,EyePACS,3,126.43642807006836,125.957275390625,127.49623489379883
447.885471793475,127.70261475309772,26.31485623386446,4.8324103355407715,0.8580767703310478,0.99993896484375,EyePACS,3,127.50722122192383,127.73027801513672,127.97103881835938
874.4086275865947,130.2350686382972,38.47080817181308,3.1877458095550537,0.5483454477550341,0.9792633056640625,EyePACS,3,127.68243408203125,127.43926620483398,127.94794082641602
1723.0264639120408,134.05067517618647,44.87350282432873,2.7845115661621094,0.7982098979796497,0.9288482666015625,EyePACS,3,130.15401077270508,128.73062896728516,127.96559143066406
874.6494310794899,129.20920465078711,31.902588965752297,4.209142208099365,0.5218552936842035,0.9918174743652344,EyePACS,3,128.59258651733398,127.98374557495117,127.91526794433594
706.2593459465708,128.36576417004048,29.887985579587056,4.159161567687988,0.6120087081796115,0.9949951171875,EyePACS,3,127.80627822875977,127.67220687866211,127.83549118041992
1336.7328863724056,142.46236758152108,45.84415289904104,2.754287004470825,0.2710751857661896,0.7832145690917969,EyePACS,3,129.63180923461914,127.39993286132812,127.5986213684082
323.7213363397874,140.0700102168237,36.06822992671582,3.8394885063171387,0.5936920014395831,0.8400917053222656,EyePACS,3,130.13778686523438,129.40785598754883,128.96692657470703
371.1010311514458,132.42170299072652,41.54531550163802,2.8939571380615234,0.5146587565077718,0.9761466979980469,EyePACS,3,132.03339767456055,128.34645462036133,127.64200592041016
623.8751919064954,137.42572207656923,34.46551419168058,3.5816142559051514,0.573241815501307,0.8715553283691406,EyePACS,3,129.58535385131836,128.0890007019043,127.68477249145508
1313.3624146537625,138.73660993004762,44.65643776220423,3.00553560256958,0.5887230832780261,0.8370780944824219,EyePACS,3,129.70227432250977,127.51651763916016,127.3167839050293
1467.9776435644815,129.0981342967408,41.28877375057935,3.0945680141448975,0.48402099204683235,0.9904251098632812,EyePACS,3,128.18303680419922,127.72028732299805,127.81098556518555
1008.3786393992699,142.6381523695261,42.12969867102362,3.292266607284546,0.47527752808602364,0.8266830444335938,EyePACS,3,129.5664176940918,129.62203216552734,129.20647048950195
2485.3854649744467,136.15545725058055,47.459421480217706,2.720348358154297,0.4340874690303329,0.8640518188476562,EyePACS,3,127.7159652709961,126.45609283447266,126.55892181396484
195.63412112353237,127.98698330683625,23.176039131864556,5.265008926391602,0.811944541000788,0.9981689453125,EyePACS,3,127.88248062133789,127.67142868041992,127.86687088012695
325.0760548369582,136.818985529757,39.55914237798346,3.2991034984588623,0.8020110634241653,0.9087104797363281,EyePACS,3,130.65724563598633,127.53388977050781,127.41494750976562
1115.80956623783,136.658380450324,38.6951516186303,3.1691439151763916,0.37334505738016843,0.8777656555175781,EyePACS,3,131.40812301635742,128.1431007385254,127.66247177124023
1524.277917876012,132.07463441083783,37.890645287741144,3.2661547660827637,0.8209267752773682,0.9357032775878906,EyePACS,3,128.52670669555664,128.01589965820312,127.87107849121094
1557.0801187711115,131.78753127945143,39.90131225176939,3.1209158897399902,0.8860156585879619,0.939056396484375,EyePACS,3,128.5880889892578,127.7886962890625,127.84571075439453
810.8087630823911,139.98940400313094,45.57987700685107,2.731009006500244,0.47644414737471674,0.8528709411621094,EyePACS,3,129.56010055541992,127.45703506469727,127.74441909790039
1758.8583072576287,141.48753043875553,35.324017510060656,3.827239513397217,0.4081422565645383,0.7848396301269531,EyePACS,2,129.55760192871094,128.49281692504883,128.03403091430664
1483.405631322184,147.20418883885932,45.26894737276754,3.0383903980255127,0.20431201910001962,0.7828216552734375,EyePACS,2,130.71660232543945,129.9556655883789,129.28756713867188
669.1636460976213,130.92103809391332,36.155319480000614,3.4179630279541016,0.7037229771609552,0.9598350524902344,EyePACS,2,128.5996437072754,127.47662353515625,127.72688293457031
476.00150049736874,137.44774416101464,39.692095267166685,3.314948558807373,0.6165673684064645,0.8824653625488281,EyePACS,2,129.43115234375,127.10416030883789,126.95765686035156
870.7870130374928,129.0888542748356,34.89447961368749,3.704284429550171,0.4928595776544141,0.9918594360351562,EyePACS,2,128.96039199829102,127.67448425292969,127.85640335083008
1026.6967822454187,142.15520259035617,41.20268431275715,3.1576006412506104,0.31115118072022474,0.7846298217773438,EyePACS,2,129.73285675048828,127.94095993041992,127.82867813110352
1177.3019193847476,145.16382079788167,38.7491946986256,3.5530683994293213,0.3257555663296434,0.7837066650390625,EyePACS,2,130.19059371948242,129.12119674682617,128.53203964233398
549.6533859012038,129.3758150517389,28.7000319291511,4.348591327667236,0.7320860674558651,0.9887161254882812,EyePACS,2,128.142822265625,127.88375854492188,127.92573928833008
332.90698651217076,133.76136298527499,31.083514100631298,4.205225467681885,0.6008873760537098,0.9321060180664062,EyePACS,2,129.8035888671875,128.57399368286133,128.01760864257812
1436.8597065366157,135.32614836621357,43.80338820845571,3.052997589111328,0.47528909673670017,0.8332023620605469,EyePACS,2,124.48004150390625,123.84850311279297,124.69412231445312
456.3408314233191,127.81207311023772,25.47330456819434,5.255417346954346,0.8382191714704855,0.9997177124023438,EyePACS,2,127.84133911132812,127.69332504272461,128.00904083251953
821.8541583257365,127.86191403267675,26.888141693902007,4.621307849884033,0.7166545470939625,0.999298095703125,EyePACS,2,127.70660781860352,127.77876281738281,127.82126998901367
321.11829066689825,127.9526138305664,10.812825169431735,12.499948501586914,0.8584980416872314,1.0,EyePACS,2,127.93974685668945,127.95957946777344,127.96438598632812
558.9721936610665,128.48627581535777,32.196759557363535,4.058155059814453,0.6855677134355558,0.9968833923339844,EyePACS,2,128.8454246520996,127.7644271850586,127.9251708984375
1578.3797619135369,138.24041176335123,36.28201849690862,3.566181182861328,0.6793100293253178,0.8282279968261719,EyePACS,2,129.1618194580078,128.2540626525879,128.41678619384766
572.1835061961518,142.90190052971536,39.3139345606677,3.4015557765960693,0.5022904947125513,0.8404045104980469,EyePACS,2,131.22311782836914,129.04084014892578,128.27349090576172
337.57367342299824,137.5225041288997,29.77184584989983,4.378413677215576,0.5454805505694355,0.8800163269042969,EyePACS,2,129.41058731079102,128.56504440307617,128.31521606445312
419.7886192403413,130.49679607692582,33.15660959125243,3.8011953830718994,0.7615321008320276,0.9638175964355469,EyePACS,2,127.94255828857422,126.92118453979492,126.9293327331543
540.9192911581291,128.76293635088663,28.674591250341386,4.289656162261963,0.7450603953245596,0.9927940368652344,EyePACS,2,127.80708694458008,127.86468887329102,127.92010498046875
896.0878358287441,132.63538718517339,40.037504629331714,3.1773879528045654,0.8382157997718893,0.9340553283691406,EyePACS,2,129.2371063232422,128.0125961303711,128.135498046875
1456.6906972285587,142.4450849087298,39.77171577350517,3.351369857788086,0.29637885517208074,0.7855491638183594,EyePACS,2,129.37742233276367,128.4513053894043,128.04023361206055
800.9927426405355,133.60818503972266,36.362081543755366,3.4670658111572266,0.5548125705409724,0.8945503234863281,EyePACS,2,126.2830810546875,125.51330184936523,125.57862854003906
407.04505417223504,138.7530710164342,38.69188480692515,3.4157040119171143,0.40813834123204074,0.8713760375976562,EyePACS,2,129.25193786621094,129.05481338500977,128.7935028076172
945.2130201578474,132.7687223499904,41.61252635292399,3.0358710289001465,0.7478540641106193,0.9338417053222656,EyePACS,2,127.74906921386719,127.21966552734375,127.4293098449707
737.1792014696558,127.73744772670855,26.317166487826313,4.8167853355407715,0.7222286577193178,0.9988594055175781,EyePACS,2,127.73096084594727,127.48781967163086,127.71960067749023
436.9604792536287,141.8325302451556,39.10992234901076,3.520082473754883,0.42228741782144097,0.8478813171386719,EyePACS,2,129.1437873840332,128.91102981567383,128.42586517333984
2146.888504421063,127.94715216992104,36.52239835574091,3.541743040084839,0.7778313353552151,0.99713134765625,EyePACS,2,128.24962997436523,127.29669570922852,127.3985710144043
885.7022227119222,141.38199447096812,43.6044678485718,3.02644419670105,0.434816136608527,0.8541450500488281,EyePACS,2,129.45282363891602,128.31291961669922,128.32052993774414
912.7043588238154,131.125839403019,33.563940674440005,3.716247320175171,0.8631446717846077,0.9395828247070312,EyePACS,2,127.87005996704102,127.5283317565918,127.86284255981445
1177.6806420363775,128.2349776336218,35.76281905358811,3.5045487880706787,0.7036410089404836,0.9926300048828125,EyePACS,2,127.87480545043945,127.06609344482422,127.23919296264648
1346.9811203285687,128.84781639928698,36.402687457848,3.6625471115112305,0.7671845041525216,0.99298095703125,EyePACS,2,128.6774559020996,127.67107009887695,127.7035903930664
1666.5806441344055,136.3373232574757,43.24089888893955,3.039045810699463,0.7181697678569225,0.8808708190917969,EyePACS,2,129.88352584838867,128.15144729614258,127.76832580566406
519.0341750295813,128.40987931324952,28.436121758262736,4.491342544555664,0.8642250168127358,0.9962921142578125,EyePACS,2,128.1574363708496,127.85351181030273,127.93358612060547
611.059850175006,131.88470281226662,34.124933572070745,3.6955666542053223,0.8294590907074344,0.9297103881835938,EyePACS,2,127.46136474609375,126.80159759521484,127.21490859985352
1277.0848061896456,142.9002547082057,38.93118337451428,3.53594708442688,0.40104490217181776,0.7832832336425781,EyePACS,2,129.98993301391602,129.09297943115234,128.22938919067383
1040.058867736432,131.8043497750538,37.661314466042484,3.4130027294158936,0.8225377994364031,0.93609619140625,EyePACS,2,127.43119430541992,127.46991729736328,127.48348999023438
1209.3575304718802,129.12853512676972,46.0282591035013,2.524394989013672,0.1705239787266074,0.9982872009277344,EyePACS,2,130.60642623901367,128.27589416503906,127.82102584838867
705.9525040021199,130.26894988968178,40.051708697983806,3.142561435699463,0.836530255168051,0.9595680236816406,EyePACS,2,127.64360046386719,127.00696563720703,127.00454330444336
1105.9157381812013,133.54963827112147,40.204889465902376,3.1521692276000977,0.7222666282884685,0.9253883361816406,EyePACS,2,128.65692138671875,128.29748916625977,128.09072875976562
1311.989500816938,144.42076362118019,42.86158237956883,3.1583635807037354,0.26642700729561364,0.7856979370117188,EyePACS,2,130.39328002929688,128.86346817016602,128.14227294921875
1080.644075504082,140.80813069051285,41.48785745736542,3.0960702896118164,0.5196190482294845,0.8450736999511719,EyePACS,1,129.21160125732422,127.57996368408203,127.39059829711914
1671.1157767370894,138.35419418230012,39.502799221684185,3.2296385765075684,0.6766950796785787,0.8347129821777344,EyePACS,1,129.42072296142578,128.71337890625,128.07103729248047
1515.1806897000258,135.76836619119325,43.87659384614656,2.9237751960754395,0.7801006931353194,0.8790473937988281,EyePACS,1,128.3658447265625,127.0689926147461,127.83383178710938
740.6647326090234,132.79640076746537,34.401405855383736,3.5282461643218994,0.852772380858549,0.9324684143066406,EyePACS,1,129.06925201416016,127.48685073852539,127.54810333251953
987.1743259332625,130.82593119312398,40.13373807077364,3.0102806091308594,0.612381448605051,0.9817428588867188,EyePACS,1,128.8711929321289,128.32724380493164,128.09950637817383
1011.32227832079,138.70283433554874,41.92822062646831,3.1851840019226074,0.22897494924157036,0.867828369140625,EyePACS,1,128.85655975341797,128.53230667114258,128.05744552612305
1897.9947873285626,128.8817206370221,40.61344732633594,2.991591453552246,0.5607441669367057,0.9911880493164062,EyePACS,1,127.79473876953125,127.7026252746582,127.87203979492188
1315.1574606114962,134.31225445036128,39.809286707797725,3.242957830429077,0.7848067070001987,0.9233818054199219,EyePACS,1,128.84547805786133,128.24618530273438,128.0272331237793
637.8993388152256,128.0840096050369,31.07206607187936,3.9245567321777344,0.8273468951158284,0.9960670471191406,EyePACS,1,127.53909683227539,127.57461547851562,128.03852462768555
993.3078491736715,132.93694329560745,34.93141106579275,3.5955471992492676,0.7454589097489055,0.9242019653320312,EyePACS,1,128.2191619873047,127.80901718139648,127.88614273071289
1305.823110902991,140.1935762087271,43.20689694255011,2.981431245803833,0.5538742313330902,0.8270988464355469,EyePACS,1,129.9681396484375,127.7221908569336,127.59264755249023
350.6003456596699,129.52459756106967,32.882686934791494,3.8473639488220215,0.6928682193538103,0.9891281127929688,EyePACS,1,128.90082550048828,127.85256958007812,127.8505744934082
323.94956813586236,137.0735334817912,36.44175558604394,3.469456195831299,0.726260734463374,0.8959159851074219,EyePACS,1,129.3357048034668,128.69068908691406,128.05444717407227
937.1305295418773,130.63799771381233,35.158943931134125,3.6224069595336914,0.7021045306049121,0.9577674865722656,EyePACS,1,128.70738983154297,127.17335510253906,128.0578842163086
579.9879025230423,128.33460023653964,31.270554615870708,4.01175594329834,0.5553531852426553,0.9966545104980469,EyePACS,1,128.4541778564453,127.66744613647461,127.92239761352539
995.6630403029712,141.75119277822586,36.66626650435322,3.5480759143829346,0.44400479464162224,0.7851486206054688,EyePACS,1,129.8201904296875,128.7599220275879,128.2861213684082
1588.6429358517528,130.1164854146334,36.95735206620646,3.51861572265625,0.5006238599628743,0.9849700927734375,EyePACS,1,128.4840545654297,128.04287719726562,128.04132461547852
899.4811184172265,130.54436141819298,36.18491549060501,3.421187400817871,0.73752899756097,0.9561805725097656,EyePACS,1,128.27618789672852,127.29941177368164,127.96658706665039
895.5892010715703,136.0963580892236,34.32808796036828,3.851188898086548,0.5980782823009423,0.8939933776855469,EyePACS,1,129.15954971313477,128.2939910888672,127.93985366821289
1144.5505510157982,137.03422239864102,40.58869395230838,3.020906448364258,0.738187036122333,0.8937492370605469,EyePACS,1,130.29725646972656,128.4740447998047,127.53554916381836
194.9028394677138,127.88375855726595,21.014209698724404,5.822213649749756,0.8374162036768321,0.9996719360351562,EyePACS,1,127.80074310302734,127.83346939086914,127.92720031738281
349.54372256438967,129.67687881109728,38.00004338286731,3.3826775550842285,0.8658905877932032,0.955902099609375,EyePACS,1,125.75025939941406,125.75272750854492,126.65675735473633
714.0739231096949,137.75855497839575,42.45684160897821,2.975005626678467,0.6554399354891822,0.8908042907714844,EyePACS,1,129.21089553833008,128.47881317138672,127.86339950561523
232.11572163924575,127.92925643920898,14.893458998111909,9.45750904083252,0.906256847831609,1.0,EyePACS,1,127.88698196411133,127.94025039672852,127.98328399658203
1302.554041947253,128.63746752947324,38.48248275252622,3.237586498260498,0.7185336475203561,0.9927215576171875,EyePACS,1,127.38863372802734,127.84481048583984,127.85238647460938
552.1510622498095,128.73282123494496,25.912870227645016,4.918434143066406,0.761492255350421,0.9942131042480469,EyePACS,1,128.0613021850586,127.99678039550781,127.92721939086914
665.109624694849,128.17129305563523,25.948380059900114,5.010024547576904,0.6352393865445992,0.9972953796386719,EyePACS,1,127.85830307006836,127.80552673339844,127.8801383972168
664.5405089290608,130.41944615384617,30.870752183227847,4.060554027557373,0.7476400527690122,0.9608268737792969,EyePACS,1,127.69831848144531,127.16572189331055,127.64778900146484
877.9041647826581,138.40427714063458,40.18226607316765,3.0356740951538086,0.7407241279906405,0.8777885437011719,EyePACS,1,129.91140747070312,128.4518928527832,127.63050842285156
1148.1824231008752,128.2191227137673,29.034011696243667,4.297275066375732,0.6497378201899999,0.9975852966308594,EyePACS,1,127.87281799316406,127.94044876098633,127.8927993774414
1889.53947795066,146.08439453239092,45.3393272291278,2.936652421951294,0.2520454436994861,0.7836456298828125,EyePACS,1,130.11979293823242,129.6245574951172,130.0264129638672
992.168130295423,128.27300558256798,32.77708799581611,4.033812522888184,0.5868098043881258,0.9956016540527344,EyePACS,1,127.96198272705078,127.58196258544922,127.75685119628906
1276.1655364713172,136.0137424475773,38.67787951530415,3.289717674255371,0.4125179985922428,0.8693962097167969,EyePACS,1,127.6307601928711,126.91338729858398,127.68444061279297
499.51773642805364,128.35149721515293,32.95414032497019,3.50101900100708,0.7425898170959528,0.9937934875488281,EyePACS,1,127.94632720947266,127.38575744628906,127.54858779907227
543.1276389629393,132.3866938161919,32.58583019848101,4.013341903686523,0.6686262385281547,0.9591941833496094,EyePACS,1,131.50749969482422,128.32340621948242,128.1227149963379
824.9648367409973,129.12016654918864,32.52363961522384,3.9041965007781982,0.7343264898453385,0.9903831481933594,EyePACS,1,127.95518112182617,127.86103820800781,127.9599494934082
1102.0242430556036,137.1317129761868,37.08367880178088,3.5589711666107178,0.3924565186850758,0.8680839538574219,EyePACS,1,128.83441543579102,127.76376724243164,127.75184631347656
1854.1765266453172,141.3822524769289,43.49879449287263,3.1047725677490234,0.26244158841578136,0.7862167358398438,EyePACS,1,128.2215461730957,127.98614501953125,128.17188262939453
1961.092561969391,128.38625775948768,45.63322575707557,2.7561066150665283,0.6769418742114715,0.9899940490722656,EyePACS,1,128.10547637939453,126.73932266235352,126.72579956054688
457.89795717254566,132.69511014529456,38.63838657403093,3.312744140625,0.7710126477918416,0.9338874816894531,EyePACS,1,128.71308135986328,127.91592407226562,127.86288833618164
2498.8942358016798,130.48442213387375,38.83978947181864,3.1801302433013916,0.6795757131567096,0.9863739013671875,IDRiD,4,130.0635223388672,128.27538681030273,127.76438522338867
2380.160245933638,128.40767944538186,34.081417517194375,3.635014295578003,0.7308868885131721,0.9992446899414062,IDRiD,4,129.24503707885742,127.89999771118164,127.95523071289062
2595.146482334844,128.15557259596676,37.28284471457378,3.1625123023986816,0.7141479728037184,0.9999160766601562,IDRiD,4,129.43966674804688,127.52364730834961,127.9236946105957
2231.124839444186,128.65213735644264,34.83872608067854,3.573662281036377,0.7325870844928596,0.9981346130371094,IDRiD,4,129.63936614990234,127.90364837646484,127.93459701538086
2342.1051075876744,129.19755777280588,42.856944497621875,2.76993727684021,0.6853179068270663,0.9906044006347656,IDRiD,4,129.89595413208008,127.10435485839844,127.8471908569336
2281.6594891450495,128.47552637311819,35.096229007871806,3.486595869064331,0.7652240714713314,0.9981117248535156,IDRiD,4,129.25280380249023,127.78889846801758,127.9708366394043
2456.128111609467,128.45998119999084,34.936417451356085,3.5533180236816406,0.7216024044601463,0.9983139038085938,IDRiD,4,129.13653182983398,127.8592414855957,127.96356582641602
2119.030924048974,128.40819705275365,34.84856016275959,3.539872169494629,0.7255868988279559,0.9999961853027344,IDRiD,4,129.68668365478516,127.82604217529297,127.98326110839844
2509.179040670573,128.36978098566001,40.46957827168826,2.8880832195281982,0.5823062171322151,0.9988975524902344,IDRiD,4,129.69231033325195,127.53773880004883,128.00620651245117
982.990919513395,127.7866439819336,21.87521789424033,6.340223789215088,0.8576062835872245,1.0,IDRiD,4,127.79479217529297,127.69842910766602,128.12078857421875
2154.892458375951,128.33375930786133,35.47127979801868,3.345978260040283,0.690719048175046,1.0,IDRiD,4,129.78107070922852,127.66698837280273,127.91341400146484
3156.254394176327,129.29544765086496,40.41190978941663,2.9011833667755127,0.7402849556521303,0.9934043884277344,IDRiD,4,129.4080352783203,128.11356353759766,127.92716598510742
877.1267285158247,128.29533767700195,26.855775684446915,5.182021141052246,0.7812894444200613,1.0,IDRiD,4,129.28200912475586,127.86729049682617,127.86810302734375
3275.835809279246,132.83034458437047,36.818621232496525,3.3563339710235596,0.8515291469356903,0.9302482604980469,IDRiD,4,129.13232040405273,128.08049774169922,127.74761199951172
2350.8458301493793,132.16266249860087,35.95521363184198,3.5505876541137695,0.7749839255177939,0.9542694091796875,IDRiD,4,130.13171768188477,128.2739372253418,127.90158081054688
2178.1241082361453,128.19997100653117,29.673532141200532,4.425684928894043,0.7572756136993078,0.99993896484375,IDRiD,4,129.02887344360352,127.81280899047852,127.94001770019531
2775.3612949285,130.24916949930744,38.13512383796378,3.100536584854126,0.691547886514759,0.9886970520019531,IDRiD,4,130.28788375854492,128.33816146850586,127.95751190185547
2259.1603979677493,128.71025200304715,29.01786612270539,4.616099834442139,0.7720622877604975,0.9965019226074219,IDRiD,4,128.92747116088867,127.9802017211914,127.9476432800293
1089.6530893439049,128.0024871826172,25.021836348057303,5.261263847351074,0.8437227966952117,1.0,IDRiD,4,128.33119201660156,127.82931900024414,127.96760559082031
2239.0753570890374,127.84285736083984,37.401905220693436,3.0764145851135254,0.7426687007776362,1.0,IDRiD,4,129.10633087158203,127.16918563842773,127.96121597290039
2291.741035058282,129.1630537120812,33.0087690190561,3.9944000244140625,0.6965186200518005,0.9967117309570312,IDRiD,4,130.41415786743164,128.08578491210938,127.93873596191406
1201.4669765026774,128.20635223388672,25.37486511963274,5.357850551605225,0.8020594236479666,1.0,IDRiD,4,128.92910766601562,127.86790084838867,128.00535583496094
1780.0043831624341,129.77740186577373,31.419359970368816,4.147555828094482,0.7590644774714609,0.9899787902832031,IDRiD,4,129.61846542358398,128.10604858398438,127.9332046508789
2346.2425565335757,128.84385117603387,30.851858615455097,4.273852825164795,0.7749792144327486,0.9967880249023438,IDRiD,4,129.41926956176758,128.0239028930664,127.94585418701172
2379.542259671478,128.26883697509766,38.797179313410325,3.0760152339935303,0.6826257401785543,1.0,IDRiD,4,129.96054458618164,127.45568466186523,127.97866439819336
2948.8549562139483,129.3794036688418,40.22936372216546,2.99082612991333,0.7047335756728594,0.9908866882324219,IDRiD,4,129.0347785949707,127.93535995483398,127.92817306518555
2626.195941923173,127.9738796004487,32.07240253316563,3.991758346557617,0.7870205068613431,0.9998092651367188,IDRiD,4,128.49592208862305,127.65956115722656,127.94913101196289
1188.3502376479446,128.35855102539062,31.565548412116954,4.142788410186768,0.7354277173698546,1.0,IDRiD,4,129.50082778930664,127.85311889648438,127.92655944824219
2313.4969651259007,128.61063566412727,34.68013319766275,3.6106841564178467,0.7080806326760548,0.9984664916992188,IDRiD,4,129.63939666748047,127.89170455932617,127.9451675415039
2428.6586744408028,128.66692921514573,34.85872645156665,3.6449179649353027,0.7123279912131176,0.9976921081542969,IDRiD,4,129.45848083496094,127.92528915405273,127.96306610107422
2183.9880533756823,127.93772509461604,31.602140268164572,3.8506271839141846,0.8137934920874741,0.9998779296875,IDRiD,4,128.30789947509766,127.7043228149414,127.9709243774414
2317.6775287935498,129.01164131904395,40.750870300926515,2.7945072650909424,0.6528550346552027,0.9987869262695312,IDRiD,4,130.2984848022461,128.30000686645508,127.98376083374023
2455.3616298120687,128.72382636999907,37.98107152159924,3.240697145462036,0.6770938202265615,0.998504638671875,IDRiD,4,129.83681106567383,127.99614334106445,127.93782806396484
2156.4149573391146,128.55162679626613,33.382443614297465,3.597707986831665,0.7364338407872045,0.9999885559082031,IDRiD,4,129.77312469482422,128.03297805786133,127.97095108032227
2359.0472630333516,129.2462687140115,39.699299979961886,2.984811305999756,0.6688107113839601,0.9937286376953125,IDRiD,4,130.10635375976562,127.79492568969727,127.80550003051758
2837.992348709045,128.5100546766116,37.387430201061775,3.2589709758758545,0.7304502103401218,0.9962921142578125,IDRiD,4,129.16144180297852,127.5256462097168,127.94168472290039
2156.1696378460365,127.89156226507257,32.57849686953228,3.6629788875579834,0.809433512903408,0.9996376037597656,IDRiD,4,128.36642837524414,127.55055236816406,127.9901123046875
726.441802273257,127.98820877075195,17.66458581845516,8.47836685180664,0.8799473546241189,1.0,IDRiD,4,127.98699569702148,127.97249984741211,127.99299621582031
2323.716726554864,128.299228970269,33.143361575618975,3.8073554039001465,0.7229403976227642,0.9998970031738281,IDRiD,4,129.29803848266602,127.8196029663086,127.99151229858398
1741.399548470843,128.27253341674805,26.504728391695814,5.152754306793213,0.7821550371713998,1.0,IDRiD,4,129.1188850402832,127.88797378540039,127.9656982421875
2908.8532292227806,133.54384513909278,37.355553008338966,3.427701234817505,0.7888775775753136,0.9224586486816406,IDRiD,3,129.22933959960938,127.70691299438477,127.8469009399414
2651.0701189807387,128.31310621242486,34.42821460201767,3.551072597503662,0.7441852866749457,0.9993553161621094,IDRiD,3,129.3927345275879,127.69929885864258,127.9382095336914
2546.7627977496027,128.9740412119725,37.752931204335674,3.1533560752868652,0.7005966595679507,0.9948654174804688,IDRiD,3,129.88382720947266,127.65793228149414,127.93756484985352
2598.345090870724,128.64793910165773,34.159481379529076,3.798847198486328,0.7116789545631511,0.9982376098632812,IDRiD,3,129.56321334838867,127.94082260131836,128.01955795288086
2435.6026935832274,129.24994454600386,41.09938155205022,2.8026416301727295,0.6382617769455017,0.9974594116210938,IDRiD,3,130.73167419433594,128.22131729125977,127.96784210205078
2034.741083006581,128.67594404580706,38.81302460500531,3.0727527141571045,0.6269167173002466,0.9999961853027344,IDRiD,3,130.36905670166016,127.93949890136719,127.97304916381836
1920.4793958270457,128.14083099365234,25.574015948874695,5.719419479370117,0.8101638784362926,1.0,IDRiD,3,128.72224044799805,127.85824203491211,127.9852294921875
2476.588473732275,127.99177469689224,31.130311123321224,4.161617755889893,0.7742742237863305,0.9999008178710938,IDRiD,3,128.6230010986328,127.6395263671875,127.95970916748047
2492.2954562817736,128.72707205570114,36.15481168400735,3.334716320037842,0.716297457882176,0.9971427917480469,IDRiD,3,129.8116455078125,127.74311828613281,127.91067504882812
3142.1693735604463,130.38155230421972,38.953385673727354,3.2668275833129883,0.7126410725677399,0.9852867126464844,IDRiD,3,129.74158096313477,128.02163314819336,127.84149551391602
2252.973374641955,128.63982127662823,38.847736712383686,3.091747760772705,0.6456188141083272,0.9997596740722656,IDRiD,3,130.42486953735352,127.80028915405273,127.99260711669922
1836.9960537982258,128.85152435302734,36.30581225429573,3.3617658615112305,0.64554995765851,1.0,IDRiD,3,130.67187881469727,128.07774353027344,128.01036834716797
1669.7114896939602,128.41926193237305,32.05497008892745,3.8845858573913574,0.7205630606375333,1.0,IDRiD,3,129.87390518188477,127.76738739013672,127.89559936523438
2872.9928249164445,128.5202801105458,36.404591955269574,3.2726428508758545,0.7287941638415689,0.9979667663574219,IDRiD,3,129.56069946289062,127.67734146118164,127.95855712890625
2317.6715728089857,128.38818505826956,35.34462601153052,3.471973419189453,0.7258350286911845,0.9996719360351562,IDRiD,3,129.60116958618164,127.77374267578125,127.98824691772461
2945.940578336566,129.17358884669582,36.3242083155626,3.4449892044067383,0.7267200069522882,0.9935111999511719,IDRiD,3,129.49520874023438,127.89236831665039,127.92250061035156
2168.874240281514,129.36142245263412,39.527217924040855,3.044072151184082,0.6665173464581011,0.9948310852050781,IDRiD,3,130.36853408813477,128.06671142578125,127.93343353271484
2157.3750061541214,127.89589309692383,35.506420673403106,3.506302833557129,0.7369225812444407,1.0,IDRiD,3,128.48721313476562,127.56476974487305,128.00307846069336
2535.4563385123843,128.46360527601368,34.944282001997216,3.539571762084961,0.7296885958155008,0.99951171875,IDRiD,3,129.5562629699707,127.90008544921875,127.96461486816406
2154.174463362259,128.2995750329979,33.39359700660478,3.8182225227355957,0.719065747210585,0.9999771118164062,IDRiD,3,129.39474487304688,127.79029846191406,127.96585845947266
2722.823689563575,127.58508023765044,42.76774750343018,2.686569929122925,0.7102484616768687,0.996490478515625,IDRiD,3,129.48594284057617,125.83684539794922,127.93350601196289
2827.7235249383702,129.5244217923472,40.167834457744455,2.879512310028076,0.7032596543073948,0.9879684448242188,IDRiD,3,129.5957145690918,127.31716537475586,127.93271255493164
2387.313742832527,129.23611196271997,37.51364778475045,3.228018283843994,0.6824565567133138,0.99542236328125,IDRiD,3,130.283203125,128.0174789428711,127.93702697753906
2514.125092842694,128.4111709209658,34.06659204748535,3.629565954208374,0.7166329146099462,0.9999351501464844,IDRiD,3,129.55898666381836,127.90169143676758,127.9185562133789
3038.5032426062276,132.0132884252296,39.26606812242334,3.077932119369507,0.7620589896654932,0.953643798828125,IDRiD,3,130.39073944091797,128.1082305908203,127.91635513305664
2497.9172721412724,128.32745923700375,34.23577290650918,3.668837308883667,0.7304490948627131,0.9992256164550781,IDRiD,3,129.2802963256836,127.75474166870117,127.93539810180664
3109.4602193788664,130.82226695891106,35.00658698946468,3.6832163333892822,0.6690687123816403,0.9607086181640625,IDRiD,3,128.79484176635742,127.87521743774414,127.97127914428711
2307.504126120035,128.53674139687118,33.96035256731761,3.726090669631958,0.7070776670455909,0.9999961853027344,IDRiD,3,129.89115524291992,127.94623565673828,127.93594741821289
2611.6390989504926,128.75665661220927,38.3396361542666,3.154141426086426,0.7244700289279559,0.9965667724609375,IDRiD,3,129.77944564819336,127.68133926391602,127.94969177246094
3221.7866893591195,137.42552376423345,41.839492296023,3.050870180130005,0.3892094223272009,0.8663406372070312,IDRiD,3,129.28687286376953,127.9699935913086,127.65198516845703
1440.5993443576153,128.34835815429688,33.36946614043596,3.7986791133880615,0.7412222822151493,1.0,IDRiD,3,129.36567306518555,127.86837768554688,128.06379318237305
2440.459459016757,130.0826597564696,34.330563362168284,3.940518379211426,0.7254855705417813,0.9877815246582031,IDRiD,3,129.6694107055664,128.05416870117188,127.92051696777344
2384.612372150569,131.57171516140588,35.7892896440524,3.5310873985290527,0.7543498234525504,0.9583663940429688,IDRiD,3,130.3166732788086,128.2617645263672,127.93440628051758
2024.6015230443882,128.78329849243164,36.07116620674978,3.4173059463500977,0.6564174940651579,1.0,IDRiD,3,130.3116455078125,128.1552848815918,127.96404647827148
2063.485962723362,128.03772325090713,28.682785666868163,4.859856128692627,0.8156609879072966,0.9998054504394531,IDRiD,3,128.48585891723633,127.77764511108398,127.93914413452148
2325.214872641913,129.1731118588982,36.88235257609904,3.2597885131835938,0.6837741719775499,0.9953231811523438,IDRiD,3,129.81665802001953,128.11809158325195,127.95021438598633
2362.4405175102597,128.39093098434049,34.09986478449646,3.709575891494751,0.7417080205834758,0.9995002746582031,IDRiD,3,129.50218200683594,127.80395889282227,127.96099090576172
2331.216234175896,128.58587265014648,33.97796067569348,3.6798479557037354,0.7057105693953332,1.0,IDRiD,3,130.04095840454102,127.96337509155273,127.93701934814453
2448.0636032417287,130.20924736746585,42.94888214537902,2.6920394897460938,0.6348843205262074,0.9878959655761719,IDRiD,3,130.73817443847656,127.89331817626953,127.91283416748047
2422.8373075774175,130.73298530849067,42.55445657153713,2.759922981262207,0.6700464643285511,0.9835662841796875,IDRiD,3,130.50942993164062,127.99790954589844,127.78971481323242
